Episode,Action,Q-Values,Reward,Total-Reward,Max Value
0,2,[ 0.        0.       -0.046875  0.      ],-0.46875,16.745037101404428,128
1,0,[-0.046875  0.        0.        0.      ],-0.46875,5.71001642922875,128
